{"coop_analytics": 5.916918, "clustering": 1.445934, "clustering-pair": 2.769246}